{
  "219.100.37.101": {
    "status": "success",
    "country": "Japan",
    "countryCode": "JP",
    "region": "13",
    "regionName": "Tokyo",
    "city": "Chiyoda City",
    "zip": "100-8111",
    "lat": 35.6916,
    "lon": 139.768,
    "timezone": "Asia/Tokyo",
    "isp": "SoftEther",
    "org": "SoftEther Corporation",
    "as": "AS36599 SoftEther Telecommunication Research Institute, LLC",
    "query": "219.100.37.101"
  },
  "219.100.37.128": {
    "status": "success",
    "country": "Japan",
    "countryCode": "JP",
    "region": "13",
    "regionName": "Tokyo",
    "city": "Chiyoda City",
    "zip": "100-8111",
    "lat": 35.6916,
    "lon": 139.768,
    "timezone": "Asia/Tokyo",
    "isp": "SoftEther",
    "org": "SoftEther Corporation",
    "as": "AS36599 SoftEther Telecommunication Research Institute, LLC",
    "query": "219.100.37.128"
  },
  "219.100.37.82": {
    "status": "success",
    "country": "Japan",
    "countryCode": "JP",
    "region": "13",
    "regionName": "Tokyo",
    "city": "Chiyoda City",
    "zip": "100-8111",
    "lat": 35.6916,
    "lon": 139.768,
    "timezone": "Asia/Tokyo",
    "isp": "SoftEther",
    "org": "SoftEther Corporation",
    "as": "AS36599 SoftEther Telecommunication Research Institute, LLC",
    "query": "219.100.37.82"
  },
  "219.100.37.15": {
    "status": "success",
    "country": "Japan",
    "countryCode": "JP",
    "region": "13",
    "regionName": "Tokyo",
    "city": "Chiyoda City",
    "zip": "100-8111",
    "lat": 35.6916,
    "lon": 139.768,
    "timezone": "Asia/Tokyo",
    "isp": "SoftEther",
    "org": "SoftEther Corporation",
    "as": "AS36599 SoftEther Telecommunication Research Institute, LLC",
    "query": "219.100.37.15"
  },
  "219.100.37.4": {
    "status": "success",
    "country": "Japan",
    "countryCode": "JP",
    "region": "13",
    "regionName": "Tokyo",
    "city": "Chiyoda City",
    "zip": "100-8111",
    "lat": 35.6916,
    "lon": 139.768,
    "timezone": "Asia/Tokyo",
    "isp": "SoftEther",
    "org": "SoftEther Corporation",
    "as": "AS36599 SoftEther Telecommunication Research Institute, LLC",
    "query": "219.100.37.4"
  },
  "219.100.37.126": {
    "status": "success",
    "country": "Japan",
    "countryCode": "JP",
    "region": "13",
    "regionName": "Tokyo",
    "city": "Chiyoda City",
    "zip": "100-8111",
    "lat": 35.6916,
    "lon": 139.768,
    "timezone": "Asia/Tokyo",
    "isp": "SoftEther",
    "org": "SoftEther Corporation",
    "as": "AS36599 SoftEther Telecommunication Research Institute, LLC",
    "query": "219.100.37.126"
  },
  "219.100.37.16": {
    "status": "success",
    "country": "Japan",
    "countryCode": "JP",
    "region": "13",
    "regionName": "Tokyo",
    "city": "Chiyoda City",
    "zip": "100-8111",
    "lat": 35.6916,
    "lon": 139.768,
    "timezone": "Asia/Tokyo",
    "isp": "SoftEther",
    "org": "SoftEther Corporation",
    "as": "AS36599 SoftEther Telecommunication Research Institute, LLC",
    "query": "219.100.37.16"
  },
  "219.100.37.109": {
    "status": "success",
    "country": "Japan",
    "countryCode": "JP",
    "region": "13",
    "regionName": "Tokyo",
    "city": "Chiyoda City",
    "zip": "100-8111",
    "lat": 35.6916,
    "lon": 139.768,
    "timezone": "Asia/Tokyo",
    "isp": "SoftEther",
    "org": "SoftEther Corporation",
    "as": "AS36599 SoftEther Telecommunication Research Institute, LLC",
    "query": "219.100.37.109"
  },
  "219.100.37.204": {
    "status": "success",
    "country": "Japan",
    "countryCode": "JP",
    "region": "13",
    "regionName": "Tokyo",
    "city": "Chiyoda City",
    "zip": "100-8111",
    "lat": 35.6916,
    "lon": 139.768,
    "timezone": "Asia/Tokyo",
    "isp": "SoftEther",
    "org": "SoftEther Corporation",
    "as": "AS36599 SoftEther Telecommunication Research Institute, LLC",
    "query": "219.100.37.204"
  },
  "219.100.37.208": {
    "status": "success",
    "country": "Japan",
    "countryCode": "JP",
    "region": "13",
    "regionName": "Tokyo",
    "city": "Chiyoda City",
    "zip": "100-8111",
    "lat": 35.6916,
    "lon": 139.768,
    "timezone": "Asia/Tokyo",
    "isp": "SoftEther",
    "org": "SoftEther Corporation",
    "as": "AS36599 SoftEther Telecommunication Research Institute, LLC",
    "query": "219.100.37.208"
  },
  "120.75.146.85": {
    "status": "success",
    "country": "Japan",
    "countryCode": "JP",
    "region": "01",
    "regionName": "Hokkaido",
    "city": "Sapporo",
    "zip": "064-0801",
    "lat": 43.0456,
    "lon": 141.3522,
    "timezone": "Asia/Tokyo",
    "isp": "Sony Network Communications Inc.",
    "org": "Sony Network Communications Inc.",
    "as": "AS2527 Sony Network Communications Inc.",
    "query": "120.75.146.85"
  },
  "60.36.150.117": {
    "status": "success",
    "country": "Japan",
    "countryCode": "JP",
    "region": "27",
    "regionName": "Osaka",
    "city": "Miharadai",
    "zip": "590-0111",
    "lat": 34.4996,
    "lon": 135.5485,
    "timezone": "Asia/Tokyo",
    "isp": "NTT Communications Corporation",
    "org": "NTT Communications Corporation",
    "as": "AS4713 NTT DOCOMO BUSINESS,Inc.",
    "query": "60.36.150.117"
  },
  "133.202.180.143": {
    "status": "success",
    "country": "Japan",
    "countryCode": "JP",
    "region": "13",
    "regionName": "Tokyo",
    "city": "Tokyo",
    "zip": "151-0071",
    "lat": 35.6837,
    "lon": 139.6805,
    "timezone": "Asia/Tokyo",
    "isp": "BIGLOBE Inc.",
    "org": "NEC BIGLOBE Ltd.",
    "as": "AS2518 BIGLOBE Inc.",
    "query": "133.202.180.143"
  },
  "60.144.85.226": {
    "status": "success",
    "country": "Japan",
    "countryCode": "JP",
    "region": "13",
    "regionName": "Tokyo",
    "city": "Minato-ku",
    "zip": "104-0045",
    "lat": 35.6629,
    "lon": 139.761,
    "timezone": "Asia/Tokyo",
    "isp": "SoftBank Corp.",
    "org": "Japan Nation-wide Network of Softbank Corp.",
    "as": "AS17676 SoftBank Corp.",
    "query": "60.144.85.226"
  },
  "183.180.154.178": {
    "status": "success",
    "country": "Japan",
    "countryCode": "JP",
    "region": "27",
    "regionName": "Osaka",
    "city": "Osaka",
    "zip": "550-0001",
    "lat": 34.6892,
    "lon": 135.4899,
    "timezone": "Asia/Tokyo",
    "isp": "ARTERIA Networks Corporation",
    "org": "ARTERIA Networks Corporation",
    "as": "AS2519 ARTERIA Networks Corporation",
    "query": "183.180.154.178"
  },
  "216.67.2.3": {
    "status": "success",
    "country": "United States",
    "countryCode": "US",
    "region": "AK",
    "regionName": "Alaska",
    "city": "Anchorage",
    "zip": "99504",
    "lat": 61.2034,
    "lon": -149.7595,
    "timezone": "America/Anchorage",
    "isp": "ACSG",
    "org": "Soldotna Redback DSL",
    "as": "AS7782 Alaska Communications Systems Group, Inc.",
    "query": "216.67.2.3"
  },
  "218.145.181.197": {
    "status": "success",
    "country": "South Korea",
    "countryCode": "KR",
    "region": "11",
    "regionName": "Seoul",
    "city": "Gangnam-gu",
    "zip": "060",
    "lat": 37.5245,
    "lon": 127.0354,
    "timezone": "Asia/Seoul",
    "isp": "Korea Telecom",
    "org": "Kornet",
    "as": "AS4766 Korea Telecom",
    "query": "218.145.181.197"
  },
  "222.97.142.229": {
    "status": "success",
    "country": "South Korea",
    "countryCode": "KR",
    "region": "26",
    "regionName": "Busan",
    "city": "Yeonje-gu",
    "zip": "475",
    "lat": 35.1811,
    "lon": 129.0928,
    "timezone": "Asia/Seoul",
    "isp": "Korea Telecom",
    "org": "KORNET",
    "as": "AS4766 Korea Telecom",
    "query": "222.97.142.229"
  },
  "180.39.139.166": {
    "status": "success",
    "country": "Japan",
    "countryCode": "JP",
    "region": "01",
    "regionName": "Hokkaido",
    "city": "Sapporo",
    "zip": "065-0011",
    "lat": 43.0763,
    "lon": 141.3654,
    "timezone": "Asia/Tokyo",
    "isp": "NTT Communications Corporation",
    "org": "NTT Communications Corporation",
    "as": "AS4713 NTT DOCOMO BUSINESS,Inc.",
    "query": "180.39.139.166"
  },
  "180.68.118.32": {
    "status": "success",
    "country": "South Korea",
    "countryCode": "KR",
    "region": "26",
    "regionName": "Busan",
    "city": "Busan",
    "zip": "462",
    "lat": 35.2582,
    "lon": 129.0948,
    "timezone": "Asia/Seoul",
    "isp": "SK Broadband Co Ltd",
    "org": "broadNnet",
    "as": "AS9318 SK Broadband Co Ltd",
    "query": "180.68.118.32"
  },
  "219.100.37.102": {
    "status": "success",
    "country": "Japan",
    "countryCode": "JP",
    "region": "13",
    "regionName": "Tokyo",
    "city": "Chiyoda City",
    "zip": "100-8111",
    "lat": 35.6916,
    "lon": 139.768,
    "timezone": "Asia/Tokyo",
    "isp": "SoftEther",
    "org": "SoftEther Corporation",
    "as": "AS36599 SoftEther Telecommunication Research Institute, LLC",
    "query": "219.100.37.102"
  },
  "219.100.37.50": {
    "status": "success",
    "country": "Japan",
    "countryCode": "JP",
    "region": "13",
    "regionName": "Tokyo",
    "city": "Chiyoda City",
    "zip": "100-8111",
    "lat": 35.6916,
    "lon": 139.768,
    "timezone": "Asia/Tokyo",
    "isp": "SoftEther",
    "org": "SoftEther Corporation",
    "as": "AS36599 SoftEther Telecommunication Research Institute, LLC",
    "query": "219.100.37.50"
  },
  "1.66.34.134": {
    "status": "success",
    "country": "Japan",
    "countryCode": "JP",
    "region": "27",
    "regionName": "Osaka",
    "city": "Osaka",
    "zip": "530-0041",
    "lat": 34.6967,
    "lon": 135.5154,
    "timezone": "Asia/Tokyo",
    "isp": "NTT Docomo, inc.",
    "org": "NTTDoCoMo",
    "as": "AS9605 NTT DOCOMO, INC.",
    "query": "1.66.34.134"
  },
  "220.156.207.33": {
    "status": "success",
    "country": "Japan",
    "countryCode": "JP",
    "region": "38",
    "regionName": "Ehime",
    "city": "Matsuyama",
    "zip": "790-0001",
    "lat": 33.8365,
    "lon": 132.742,
    "timezone": "Asia/Tokyo",
    "isp": "EHIME CATV CO., LTD.",
    "org": "Ehime Catv Co., ltd.",
    "as": "AS18260 EHIME CATV CO.,LTD.",
    "query": "220.156.207.33"
  },
  "153.186.233.64": {
    "status": "success",
    "country": "Japan",
    "countryCode": "JP",
    "region": "16",
    "regionName": "Toyama",
    "city": "Toyama",
    "zip": "930-0851",
    "lat": 36.7069,
    "lon": 137.2129,
    "timezone": "Asia/Tokyo",
    "isp": "NTT Communications Corporation",
    "org": "Open Computer Network",
    "as": "AS4713 NTT DOCOMO BUSINESS,Inc.",
    "query": "153.186.233.64"
  },
  "121.162.61.42": {
    "status": "success",
    "country": "South Korea",
    "countryCode": "KR",
    "region": "11",
    "regionName": "Seoul",
    "city": "Seoul",
    "zip": "045",
    "lat": 37.5656,
    "lon": 126.978,
    "timezone": "Asia/Seoul",
    "isp": "Korea Telecom",
    "org": "Kornet",
    "as": "AS4766 Korea Telecom",
    "query": "121.162.61.42"
  },
  "125.55.110.221": {
    "status": "success",
    "country": "Japan",
    "countryCode": "JP",
    "region": "13",
    "regionName": "Tokyo",
    "city": "Chiyoda City",
    "zip": "289-2605",
    "lat": 35.6896,
    "lon": 139.768,
    "timezone": "Asia/Tokyo",
    "isp": "DION (KDDI CORPORATION)",
    "org": "KDDI",
    "as": "AS2516 KDDI CORPORATION",
    "query": "125.55.110.221"
  },
  "109.161.88.87": {
    "status": "success",
    "country": "Russia",
    "countryCode": "RU",
    "region": "YAR",
    "regionName": "Yaroslavl Oblast",
    "city": "Lyubim",
    "zip": "152470",
    "lat": 58.3669,
    "lon": 40.6852,
    "timezone": "Europe/Moscow",
    "isp": "Rostelecom networks",
    "org": "OJSC Rostelecom",
    "as": "AS12389 PJSC Rostelecom",
    "query": "109.161.88.87"
  },
  "211.221.198.244": {
    "status": "success",
    "country": "South Korea",
    "countryCode": "KR",
    "region": "41",
    "regionName": "Gyeonggi-do",
    "city": "Yongin-si",
    "zip": "171",
    "lat": 37.1522,
    "lon": 127.1752,
    "timezone": "Asia/Seoul",
    "isp": "Korea Telecom",
    "org": "sudogwonseobubonbu",
    "as": "AS4766 Korea Telecom",
    "query": "211.221.198.244"
  },
  "121.86.63.126": {
    "status": "success",
    "country": "Japan",
    "countryCode": "JP",
    "region": "28",
    "regionName": "Hyōgo",
    "city": "Nishinomiya",
    "zip": "662-0921",
    "lat": 34.7285,
    "lon": 135.3471,
    "timezone": "Asia/Tokyo",
    "isp": "OPTAGE Inc.",
    "org": "K-Opticom Corporation",
    "as": "AS17511 OPTAGE Inc.",
    "query": "121.86.63.126"
  },
  "103.152.178.62": {
    "status": "success",
    "country": "Japan",
    "countryCode": "JP",
    "region": "13",
    "regionName": "Tokyo",
    "city": "Chiyoda City",
    "zip": "100-0001",
    "lat": 35.694,
    "lon": 139.754,
    "timezone": "Asia/Tokyo",
    "isp": "Ayao Takata",
    "org": "SDCC-East01",
    "as": "AS38074 SDCC Japan-West Area",
    "query": "103.152.178.62"
  },
  "124.18.97.154": {
    "status": "success",
    "country": "Japan",
    "countryCode": "JP",
    "region": "23",
    "regionName": "Aichi",
    "city": "Kiyosu",
    "zip": "452-0941",
    "lat": 35.2172,
    "lon": 136.8325,
    "timezone": "Asia/Tokyo",
    "isp": "Chubu Telecommunications Company, Inc.",
    "org": "Chubu Telecommunications Co., Inc.",
    "as": "AS18126 Chubu Telecommunications Company, Inc.",
    "query": "124.18.97.154"
  },
  "68.149.154.94": {
    "status": "success",
    "country": "Canada",
    "countryCode": "CA",
    "region": "AB",
    "regionName": "Alberta",
    "city": "Edmonton",
    "zip": "T6W",
    "lat": 53.4179,
    "lon": -113.5785,
    "timezone": "America/Edmonton",
    "isp": "Shaw Communications",
    "org": "Shaw Communications Inc.",
    "as": "AS6327 Shaw Communications",
    "query": "68.149.154.94"
  },
  "183.180.154.63": {
    "status": "success",
    "country": "Japan",
    "countryCode": "JP",
    "region": "27",
    "regionName": "Osaka",
    "city": "Osaka",
    "zip": "550-0001",
    "lat": 34.6892,
    "lon": 135.4899,
    "timezone": "Asia/Tokyo",
    "isp": "ARTERIA Networks Corporation",
    "org": "ARTERIA Networks Corporation",
    "as": "AS2519 ARTERIA Networks Corporation",
    "query": "183.180.154.63"
  },
  "119.228.132.167": {
    "status": "success",
    "country": "Japan",
    "countryCode": "JP",
    "region": "27",
    "regionName": "Osaka",
    "city": "Hirakata",
    "zip": "573-0011",
    "lat": 34.8052,
    "lon": 135.6689,
    "timezone": "Asia/Tokyo",
    "isp": "OPTAGE Inc.",
    "org": "OPTAGE Inc.",
    "as": "AS17511 OPTAGE Inc.",
    "query": "119.228.132.167"
  },
  "192.145.96.207": {
    "status": "success",
    "country": "Russia",
    "countryCode": "RU",
    "region": "KYA",
    "regionName": "Krasnoyarsk Krai",
    "city": "Krasnoyarsk",
    "zip": "660000",
    "lat": 56.0133,
    "lon": 92.7885,
    "timezone": "Asia/Krasnoyarsk",
    "isp": "Telezon-Seti LLC",
    "org": "Telezon",
    "as": "AS34858 Telezon-Seti LLC",
    "query": "192.145.96.207"
  },
  "119.192.208.193": {
    "status": "success",
    "country": "South Korea",
    "countryCode": "KR",
    "region": "11",
    "regionName": "Seoul",
    "city": "Mapo-gu",
    "zip": "039",
    "lat": 37.5681,
    "lon": 126.8998,
    "timezone": "Asia/Seoul",
    "isp": "Korea Telecom",
    "org": "",
    "as": "AS4766 Korea Telecom",
    "query": "119.192.208.193"
  },
  "1.254.167.49": {
    "status": "success",
    "country": "South Korea",
    "countryCode": "KR",
    "region": "48",
    "regionName": "Gyeongsangnam-do",
    "city": "Changwon",
    "zip": "514",
    "lat": 35.2317,
    "lon": 128.6822,
    "timezone": "Asia/Seoul",
    "isp": "SK Broadband Co Ltd",
    "org": "broadNnet",
    "as": "AS9318 SK Broadband Co Ltd",
    "query": "1.254.167.49"
  },
  "49.48.148.44": {
    "status": "success",
    "country": "Thailand",
    "countryCode": "TH",
    "region": "40",
    "regionName": "Khon Kaen",
    "city": "Khon Kaen",
    "zip": "40000",
    "lat": 16.2916,
    "lon": 102.6161,
    "timezone": "Asia/Bangkok",
    "isp": "Triple T Broadband Public Company Limited",
    "org": "Triple T Broadband Public Company Limited",
    "as": "AS45758 Triple T Broadband Public Company Limited",
    "query": "49.48.148.44"
  },
  "59.28.247.22": {
    "status": "success",
    "country": "South Korea",
    "countryCode": "KR",
    "region": "48",
    "regionName": "Gyeongsangnam-do",
    "city": "Jinju",
    "zip": "526",
    "lat": 35.1684,
    "lon": 128.031,
    "timezone": "Asia/Seoul",
    "isp": "Korea Telecom",
    "org": "",
    "as": "AS4766 Korea Telecom",
    "query": "59.28.247.22"
  },
  "115.65.23.149": {
    "status": "success",
    "country": "Japan",
    "countryCode": "JP",
    "region": "13",
    "regionName": "Tokyo",
    "city": "Tokyo",
    "zip": "151-0071",
    "lat": 35.6837,
    "lon": 139.6805,
    "timezone": "Asia/Tokyo",
    "isp": "NTT-ME Corporation",
    "org": "NTT-ME Corporation",
    "as": "AS9595 NTT-ME Corporation",
    "query": "115.65.23.149"
  },
  "112.139.27.164": {
    "status": "success",
    "country": "Japan",
    "countryCode": "JP",
    "region": "22",
    "regionName": "Shizuoka",
    "city": "Yaizu",
    "zip": "425-8555",
    "lat": 34.8564,
    "lon": 138.279,
    "timezone": "Asia/Tokyo",
    "isp": "TOKAI Communications Corporation",
    "org": "TOKAI",
    "as": "AS10010 TOKAI Communications Corporation",
    "query": "112.139.27.164"
  },
  "126.159.87.12": {
    "status": "success",
    "country": "Japan",
    "countryCode": "JP",
    "region": "28",
    "regionName": "Hyōgo",
    "city": "Kobe",
    "zip": "650-0011",
    "lat": 34.6913,
    "lon": 135.183,
    "timezone": "Asia/Tokyo",
    "isp": "SoftBank Corp.",
    "org": "SOFTBANK Corp",
    "as": "AS17676 SoftBank Corp.",
    "query": "126.159.87.12"
  },
  "61.80.40.55": {
    "status": "success",
    "country": "South Korea",
    "countryCode": "KR",
    "region": "41",
    "regionName": "Gyeonggi-do",
    "city": "Goyang-si",
    "zip": "105",
    "lat": 37.6468,
    "lon": 126.8843,
    "timezone": "Asia/Seoul",
    "isp": "Korea Telecom",
    "org": "Kornet",
    "as": "AS4766 Korea Telecom",
    "query": "61.80.40.55"
  },
  "126.108.69.34": {
    "status": "success",
    "country": "Japan",
    "countryCode": "JP",
    "region": "13",
    "regionName": "Tokyo",
    "city": "Minato-ku",
    "zip": "105-0012",
    "lat": 35.6552,
    "lon": 139.761,
    "timezone": "Asia/Tokyo",
    "isp": "SoftBank Corp.",
    "org": "SOFTBANK Corp",
    "as": "AS17676 SoftBank Corp.",
    "query": "126.108.69.34"
  },
  "59.168.25.10": {
    "status": "success",
    "country": "Japan",
    "countryCode": "JP",
    "region": "13",
    "regionName": "Tokyo",
    "city": "Takashimadaira",
    "zip": "175-0081",
    "lat": 35.7931,
    "lon": 139.6606,
    "timezone": "Asia/Tokyo",
    "isp": "JCOM Co., Ltd.",
    "org": "JCOM Co., Ltd",
    "as": "AS9824 JCOM Co., Ltd.",
    "query": "59.168.25.10"
  },
  "124.44.10.44": {
    "status": "success",
    "country": "Japan",
    "countryCode": "JP",
    "region": "13",
    "regionName": "Tokyo",
    "city": "Tokyo",
    "zip": "151-0071",
    "lat": 35.6837,
    "lon": 139.6805,
    "timezone": "Asia/Tokyo",
    "isp": "NTT-ME Corporation",
    "org": "NTT-ME Corporation",
    "as": "AS9595 NTT-ME Corporation",
    "query": "124.44.10.44"
  },
  "126.125.49.30": {
    "status": "success",
    "country": "Japan",
    "countryCode": "JP",
    "region": "13",
    "regionName": "Tokyo",
    "city": "Minato-ku",
    "zip": "105-0012",
    "lat": 35.6552,
    "lon": 139.761,
    "timezone": "Asia/Tokyo",
    "isp": "SoftBank Corp.",
    "org": "SOFTBANK Corp",
    "as": "AS17676 SoftBank Corp.",
    "query": "126.125.49.30"
  },
  "221.144.110.230": {
    "status": "success",
    "country": "South Korea",
    "countryCode": "KR",
    "region": "29",
    "regionName": "Gwangju",
    "city": "Seo-gu",
    "zip": "619",
    "lat": 35.1644,
    "lon": 126.8546,
    "timezone": "Asia/Seoul",
    "isp": "Korea Telecom",
    "org": "Kornet",
    "as": "AS4766 Korea Telecom",
    "query": "221.144.110.230"
  },
  "110.2.200.150": {
    "status": "success",
    "country": "Japan",
    "countryCode": "JP",
    "region": "37",
    "regionName": "Kagawa",
    "city": "Takamatsu",
    "zip": "760-0061",
    "lat": 34.3465,
    "lon": 134.0624,
    "timezone": "Asia/Tokyo",
    "isp": "STNet, Incorporated",
    "org": "STNet",
    "as": "AS7522 STNet, Incorporated",
    "query": "110.2.200.150"
  },
  "121.174.164.24": {
    "status": "success",
    "country": "South Korea",
    "countryCode": "KR",
    "region": "26",
    "regionName": "Busan",
    "city": "Busan",
    "zip": "489",
    "lat": 35.1025,
    "lon": 129.0394,
    "timezone": "Asia/Seoul",
    "isp": "Korea Telecom",
    "org": "",
    "as": "AS4766 Korea Telecom",
    "query": "121.174.164.24"
  },
  "118.241.97.51": {
    "status": "success",
    "country": "Japan",
    "countryCode": "JP",
    "region": "11",
    "regionName": "Saitama",
    "city": "Chūō",
    "zip": "335-0001",
    "lat": 35.8292,
    "lon": 139.6789,
    "timezone": "Asia/Tokyo",
    "isp": "Sony Network Communications Inc",
    "org": "Sony Network Communications Inc.",
    "as": "AS2527 Sony Network Communications Inc.",
    "query": "118.241.97.51"
  },
  "119.171.172.103": {
    "status": "success",
    "country": "Japan",
    "countryCode": "JP",
    "region": "12",
    "regionName": "Chiba",
    "city": "Ichikawa",
    "zip": "272-0031",
    "lat": 35.7233,
    "lon": 139.9132,
    "timezone": "Asia/Tokyo",
    "isp": "JCOM Co., Ltd.",
    "org": "JCOM Co., Ltd",
    "as": "AS9824 JCOM Co., Ltd.",
    "query": "119.171.172.103"
  },
  "58.136.235.235": {
    "status": "success",
    "country": "Thailand",
    "countryCode": "TH",
    "region": "10",
    "regionName": "Bangkok",
    "city": "Bangkok",
    "zip": "10170",
    "lat": 13.7667,
    "lon": 100.45,
    "timezone": "Asia/Bangkok",
    "isp": "AIS-Fibre",
    "org": "",
    "as": "AS133481 AIS Fibre",
    "query": "58.136.235.235"
  },
  "149.50.173.152": {
    "status": "success",
    "country": "United Kingdom",
    "countryCode": "GB",
    "region": "ENG",
    "regionName": "England",
    "city": "London",
    "zip": "EC1N",
    "lat": 51.5081,
    "lon": -0.1278,
    "timezone": "Europe/London",
    "isp": "Fibrus Networks LTD",
    "org": "Fibrus Networks ltd",
    "as": "AS202282 FIBRUS NETWORKS LTD",
    "query": "149.50.173.152"
  },
  "42.117.149.19": {
    "status": "success",
    "country": "Vietnam",
    "countryCode": "VN",
    "region": "HN",
    "regionName": "Hanoi",
    "city": "Hanoi",
    "zip": "100000",
    "lat": 21.0184,
    "lon": 105.8461,
    "timezone": "Asia/Bangkok",
    "isp": "FPT Telecom Company",
    "org": "FPTDYNAMICIP",
    "as": "AS18403 FPT Telecom Company",
    "query": "42.117.149.19"
  },
  "222.111.19.158": {
    "status": "success",
    "country": "South Korea",
    "countryCode": "KR",
    "region": "11",
    "regionName": "Seoul",
    "city": "Nowon-gu",
    "zip": "018",
    "lat": 37.6289,
    "lon": 127.0648,
    "timezone": "Asia/Seoul",
    "isp": "Korea Telecom",
    "org": "Korea Telecom",
    "as": "AS4766 Korea Telecom",
    "query": "222.111.19.158"
  },
  "184.22.231.72": {
    "status": "success",
    "country": "Thailand",
    "countryCode": "TH",
    "region": "10",
    "regionName": "Bangkok",
    "city": "Bangkok",
    "zip": "10240",
    "lat": 13.7663,
    "lon": 100.6503,
    "timezone": "Asia/Bangkok",
    "isp": "AIS-Fibre",
    "org": "",
    "as": "AS133481 AIS Fibre",
    "query": "184.22.231.72"
  },
  "220.125.51.211": {
    "status": "success",
    "country": "South Korea",
    "countryCode": "KR",
    "region": "43",
    "regionName": "North Chungcheong",
    "city": "Okcheon",
    "zip": "290",
    "lat": 36.3044,
    "lon": 127.5651,
    "timezone": "Asia/Seoul",
    "isp": "Korea Telecom",
    "org": "Kornet",
    "as": "AS4766 Korea Telecom",
    "query": "220.125.51.211"
  },
  "121.183.242.194": {
    "status": "success",
    "country": "South Korea",
    "countryCode": "KR",
    "region": "30",
    "regionName": "Daejeon",
    "city": "Yuseong-gu",
    "zip": "341",
    "lat": 36.3567,
    "lon": 127.3344,
    "timezone": "Asia/Seoul",
    "isp": "Korea Telecom",
    "org": "Kornet",
    "as": "AS4766 Korea Telecom",
    "query": "121.183.242.194"
  },
  "121.149.221.10": {
    "status": "success",
    "country": "South Korea",
    "countryCode": "KR",
    "region": "46",
    "regionName": "Jeollanam-do",
    "city": "Yeosu",
    "zip": "596",
    "lat": 34.7566,
    "lon": 127.6626,
    "timezone": "Asia/Seoul",
    "isp": "Korea Telecom",
    "org": "Kornet",
    "as": "AS4766 Korea Telecom",
    "query": "121.149.221.10"
  },
  "219.248.93.154": {
    "status": "success",
    "country": "South Korea",
    "countryCode": "KR",
    "region": "41",
    "regionName": "Gyeonggi-do",
    "city": "Siheung-si",
    "zip": "151",
    "lat": 37.3925,
    "lon": 126.7854,
    "timezone": "Asia/Seoul",
    "isp": "SK Broadband Co Ltd",
    "org": "SK Broadband Co Ltd",
    "as": "AS9318 SK Broadband Co Ltd",
    "query": "219.248.93.154"
  },
  "126.207.20.168": {
    "status": "success",
    "country": "Japan",
    "countryCode": "JP",
    "region": "13",
    "regionName": "Tokyo",
    "city": "Minato",
    "zip": "105-0012",
    "lat": 35.6552,
    "lon": 139.761,
    "timezone": "Asia/Tokyo",
    "isp": "SoftBank Corp.",
    "org": "SOFTBANK Corp",
    "as": "AS17676 SoftBank Corp.",
    "query": "126.207.20.168"
  },
  "112.164.117.173": {
    "status": "success",
    "country": "South Korea",
    "countryCode": "KR",
    "region": "46",
    "regionName": "Jeollanam-do",
    "city": "Naju",
    "zip": "582",
    "lat": 35.0223,
    "lon": 126.7897,
    "timezone": "Asia/Seoul",
    "isp": "Korea Telecom",
    "org": "Jeonnambonbujang",
    "as": "AS4766 Korea Telecom",
    "query": "112.164.117.173"
  },
  "125.130.189.246": {
    "status": "success",
    "country": "South Korea",
    "countryCode": "KR",
    "region": "41",
    "regionName": "Gyeonggi-do",
    "city": "Yongin-si",
    "zip": "168",
    "lat": 37.3104,
    "lon": 127.0672,
    "timezone": "Asia/Seoul",
    "isp": "Korea Telecom",
    "org": "",
    "as": "AS4766 Korea Telecom",
    "query": "125.130.189.246"
  },
  "125.136.43.108": {
    "status": "success",
    "country": "South Korea",
    "countryCode": "KR",
    "region": "29",
    "regionName": "Gwangju",
    "city": "Nam-gu",
    "zip": "616",
    "lat": 35.1354,
    "lon": 126.9222,
    "timezone": "Asia/Seoul",
    "isp": "Korea Telecom",
    "org": "Kornet",
    "as": "AS4766 Korea Telecom",
    "query": "125.136.43.108"
  },
  "116.123.228.25": {
    "status": "success",
    "country": "South Korea",
    "countryCode": "KR",
    "region": "28",
    "regionName": "Incheon",
    "city": "Incheon",
    "zip": "222",
    "lat": 37.4503,
    "lon": 126.6701,
    "timezone": "Asia/Seoul",
    "isp": "SK Broadband Co Ltd",
    "org": "broadNnet",
    "as": "AS9318 SK Broadband Co Ltd",
    "query": "116.123.228.25"
  },
  "118.219.21.191": {
    "status": "success",
    "country": "South Korea",
    "countryCode": "KR",
    "region": "27",
    "regionName": "Daegu",
    "city": "Daegu",
    "zip": "412",
    "lat": 35.8699,
    "lon": 128.6314,
    "timezone": "Asia/Seoul",
    "isp": "SK Broadband Co Ltd",
    "org": "broadNnet",
    "as": "AS9318 SK Broadband Co Ltd",
    "query": "118.219.21.191"
  },
  "125.138.193.208": {
    "status": "success",
    "country": "South Korea",
    "countryCode": "KR",
    "region": "44",
    "regionName": "Chungcheongnam-do",
    "city": "Yesan",
    "zip": "324",
    "lat": 36.6781,
    "lon": 126.6946,
    "timezone": "Asia/Seoul",
    "isp": "Korea Telecom",
    "org": "Kornet",
    "as": "AS4766 Korea Telecom",
    "query": "125.138.193.208"
  },
  "94.190.121.226": {
    "status": "success",
    "country": "Russia",
    "countryCode": "RU",
    "region": "SVE",
    "regionName": "Sverdlovsk Oblast",
    "city": "Pervouralsk",
    "zip": "623109",
    "lat": 56.9045,
    "lon": 59.9367,
    "timezone": "Asia/Yekaterinburg",
    "isp": "VPN (PPTP) and non-VPN customers Lesnoy Sverdlovsk reg. Interra Ltd.",
    "org": "\"Interra\" Ltd.",
    "as": "AS48524 INTERRA telecommunications group, Ltd.",
    "query": "94.190.121.226"
  },
  "38.25.18.6": {
    "status": "success",
    "country": "Peru",
    "countryCode": "PE",
    "region": "LMA",
    "regionName": "Lima Province",
    "city": "Lima",
    "zip": "",
    "lat": -12.046,
    "lon": -77.0305,
    "timezone": "America/Lima",
    "isp": "WI-NET Telecom SAC",
    "org": "WI-NET Telecom SAC",
    "as": "AS265691 WI-NET TELECOM S.A.C.",
    "query": "38.25.18.6"
  },
  "106.128.103.59": {
    "status": "success",
    "country": "Japan",
    "countryCode": "JP",
    "region": "12",
    "regionName": "Chiba",
    "city": "Matsudo",
    "zip": "271-0092",
    "lat": 35.7799,
    "lon": 139.901,
    "timezone": "Asia/Tokyo",
    "isp": "Kddi Corporation",
    "org": "KDDI",
    "as": "AS2516 KDDI CORPORATION",
    "query": "106.128.103.59"
  },
  "133.106.146.54": {
    "status": "success",
    "country": "Japan",
    "countryCode": "JP",
    "region": "13",
    "regionName": "Tokyo",
    "city": "Hatchōbori",
    "zip": "104-0032",
    "lat": 35.6753,
    "lon": 139.775,
    "timezone": "Asia/Tokyo",
    "isp": "Rakuten Mobile, Inc.",
    "org": "RMN",
    "as": "AS138384 Rakuten Mobile Network, Inc.",
    "query": "133.106.146.54"
  },
  "210.178.110.239": {
    "status": "success",
    "country": "South Korea",
    "countryCode": "KR",
    "region": "47",
    "regionName": "Gyeongsangbuk-do",
    "city": "Gumi",
    "zip": "392",
    "lat": 36.1135,
    "lon": 128.343,
    "timezone": "Asia/Seoul",
    "isp": "Korea Telecom",
    "org": "",
    "as": "AS4766 Korea Telecom",
    "query": "210.178.110.239"
  },
  "176.124.116.232": {
    "status": "success",
    "country": "Russia",
    "countryCode": "RU",
    "region": "KDA",
    "regionName": "Krasnodar Krai",
    "city": "Tuapse",
    "zip": "352800",
    "lat": 44.0989,
    "lon": 39.0674,
    "timezone": "Europe/Moscow",
    "isp": "LLC \"Multiservice\"",
    "org": "TAIGET",
    "as": "AS52043 LLC Multiservice",
    "query": "176.124.116.232"
  },
  "118.86.155.227": {
    "status": "success",
    "country": "Japan",
    "countryCode": "JP",
    "region": "12",
    "regionName": "Chiba",
    "city": "Nagareyama",
    "zip": "270-0161",
    "lat": 35.8373,
    "lon": 139.9138,
    "timezone": "Asia/Tokyo",
    "isp": "JCOM",
    "org": "Jupiter Telecommunications Co., Ltd.",
    "as": "AS4721 JCOM Co., Ltd.",
    "query": "118.86.155.227"
  },
  "186.81.100.17": {
    "status": "success",
    "country": "Colombia",
    "countryCode": "CO",
    "region": "VAC",
    "regionName": "Valle del Cauca Department",
    "city": "Cali",
    "zip": "760001",
    "lat": 3.4385,
    "lon": -76.523,
    "timezone": "America/Bogota",
    "isp": "Telmex Colombia S.A.",
    "org": "Telmex Colombia S.A.",
    "as": "AS10620 Telmex Colombia S.A.",
    "query": "186.81.100.17"
  },
  "194.246.95.65": {
    "status": "success",
    "country": "Ukraine",
    "countryCode": "UA",
    "region": "09",
    "regionName": "Luhansk",
    "city": "Luhansk",
    "zip": "91000",
    "lat": 48.5679,
    "lon": 39.319,
    "timezone": "Europe/Kyiv",
    "isp": "Dovecom LLC",
    "org": "Dovecom LLC",
    "as": "AS202619 Dovecom LLC",
    "query": "194.246.95.65"
  },
  "95.189.184.14": {
    "status": "success",
    "country": "Russia",
    "countryCode": "RU",
    "region": "OMS",
    "regionName": "Omsk Oblast",
    "city": "Omsk",
    "zip": "644000",
    "lat": 54.9896,
    "lon": 73.3729,
    "timezone": "Asia/Omsk",
    "isp": "Rostelecom networks",
    "org": "OJSC Sibirtelecom",
    "as": "AS12389 PJSC Rostelecom",
    "query": "95.189.184.14"
  },
  "179.6.168.57": {
    "status": "success",
    "country": "Peru",
    "countryCode": "PE",
    "region": "LIM",
    "regionName": "Lima region",
    "city": "Independencia",
    "zip": "",
    "lat": -11.99,
    "lon": -77.0458,
    "timezone": "America/Lima",
    "isp": "America Movil Peru S.A.C.",
    "org": "America Movil Peru S.A.C",
    "as": "AS12252 America Movil Peru S.A.C.",
    "query": "179.6.168.57"
  },
  "95.105.125.62": {
    "status": "success",
    "country": "Russia",
    "countryCode": "RU",
    "region": "ORE",
    "regionName": "Orenburg Oblast",
    "city": "Orenburg",
    "zip": "460004",
    "lat": 51.7675,
    "lon": 55.0977,
    "timezone": "Asia/Yekaterinburg",
    "isp": "JSC \"Ufanet\"",
    "org": "JSC Ufanet",
    "as": "AS41704 JSC Ufanet",
    "query": "95.105.125.62"
  },
  "71.57.50.63": {
    "status": "success",
    "country": "United States",
    "countryCode": "US",
    "region": "IL",
    "regionName": "Illinois",
    "city": "Des Plaines",
    "zip": "60016",
    "lat": 42.0487,
    "lon": -87.8905,
    "timezone": "America/Chicago",
    "isp": "Comcast Cable Communications",
    "org": "Comcast Cable Communications Holdings, Inc",
    "as": "AS7922 Comcast Cable Communications, LLC",
    "query": "71.57.50.63"
  },
  "87.248.239.213": {
    "status": "success",
    "country": "Russia",
    "countryCode": "RU",
    "region": "SPE",
    "regionName": "St.-Petersburg",
    "city": "St Petersburg",
    "zip": "190990",
    "lat": 59.8983,
    "lon": 30.2618,
    "timezone": "Europe/Moscow",
    "isp": "SkyNet Ltd.",
    "org": "SkyNet",
    "as": "AS35807 SkyNet Ltd.",
    "query": "87.248.239.213"
  },
  "1.55.222.33": {
    "status": "success",
    "country": "Vietnam",
    "countryCode": "VN",
    "region": "HN",
    "regionName": "Hanoi",
    "city": "Hanoi",
    "zip": "100000",
    "lat": 21.0184,
    "lon": 105.8461,
    "timezone": "Asia/Bangkok",
    "isp": "FPT Telecom Company",
    "org": "Vietnam Internet Network Information Center",
    "as": "AS18403 FPT Telecom Company",
    "query": "1.55.222.33"
  },
  "31.28.244.97": {
    "status": "success",
    "country": "Ukraine",
    "countryCode": "UA",
    "region": "40",
    "regionName": "Sebastopol City",
    "city": "Sevastopol",
    "zip": "90022",
    "lat": 44.6089,
    "lon": 33.53,
    "timezone": "Europe/Simferopol",
    "isp": "Lancom Ltd.",
    "org": "Lancom Ltd",
    "as": "AS35816 Lancom Ltd.",
    "query": "31.28.244.97"
  },
  "195.123.226.217": {
    "status": "success",
    "country": "Bulgaria",
    "countryCode": "BG",
    "region": "22",
    "regionName": "Sofia-Capital",
    "city": "Sofia",
    "zip": "1000",
    "lat": 42.6826,
    "lon": 23.3223,
    "timezone": "Europe/Sofia",
    "isp": "Green Floid LLC",
    "org": "LAYER6",
    "as": "AS59729 GREEN FLOID LLC",
    "query": "195.123.226.217"
  },
  "47.32.66.83": {
    "status": "success",
    "country": "United States",
    "countryCode": "US",
    "region": "GA",
    "regionName": "Georgia",
    "city": "Columbus",
    "zip": "31901",
    "lat": 32.4732,
    "lon": -84.9754,
    "timezone": "America/New_York",
    "isp": "Charter Communications",
    "org": "Spectrum",
    "as": "AS20115 Charter Communications LLC",
    "query": "47.32.66.83"
  },
  "220.158.5.129": {
    "status": "success",
    "country": "Japan",
    "countryCode": "JP",
    "region": "13",
    "regionName": "Tokyo",
    "city": "Tokyo",
    "zip": "151-0071",
    "lat": 35.6837,
    "lon": 139.6805,
    "timezone": "Asia/Tokyo",
    "isp": "ARTERIA Networks Corporation",
    "org": "ARTERIA Networks Corporation",
    "as": "AS2519 ARTERIA Networks Corporation",
    "query": "220.158.5.129"
  },
  "110.4.148.70": {
    "status": "success",
    "country": "Japan",
    "countryCode": "JP",
    "region": "34",
    "regionName": "Hiroshima",
    "city": "Hiroshima",
    "zip": "730-0001",
    "lat": 34.4031,
    "lon": 132.4601,
    "timezone": "Asia/Tokyo",
    "isp": "ASAHI Net, Inc.",
    "org": "ASAHI",
    "as": "AS4685 Asahi Net",
    "query": "110.4.148.70"
  },
  "211.14.226.154": {
    "status": "success",
    "country": "Japan",
    "countryCode": "JP",
    "region": "23",
    "regionName": "Aichi",
    "city": "Takahama",
    "zip": "475-0022",
    "lat": 34.9162,
    "lon": 136.9785,
    "timezone": "Asia/Tokyo",
    "isp": "KATCH Network Inc.",
    "org": "KATCH",
    "as": "AS59108 KATCH NETWORK INC.",
    "query": "211.14.226.154"
  },
  "101.140.108.71": {
    "status": "success",
    "country": "Japan",
    "countryCode": "JP",
    "region": "28",
    "regionName": "Hyōgo",
    "city": "Nishinomiya",
    "zip": "662-0921",
    "lat": 34.7285,
    "lon": 135.3471,
    "timezone": "Asia/Tokyo",
    "isp": "OPTAGE Inc.",
    "org": "K-Opticom Corporation",
    "as": "AS17511 OPTAGE Inc.",
    "query": "101.140.108.71"
  },
  "121.145.217.199": {
    "status": "success",
    "country": "South Korea",
    "countryCode": "KR",
    "region": "26",
    "regionName": "Busan",
    "city": "Dong-gu",
    "zip": "488",
    "lat": 35.1266,
    "lon": 129.0299,
    "timezone": "Asia/Seoul",
    "isp": "Korea Telecom",
    "org": "KT Corporation",
    "as": "AS4766 Korea Telecom",
    "query": "121.145.217.199"
  },
  "59.129.239.88": {
    "status": "success",
    "country": "Japan",
    "countryCode": "JP",
    "region": "13",
    "regionName": "Tokyo",
    "city": "Musashino",
    "zip": "180-0001",
    "lat": 35.7051,
    "lon": 139.5725,
    "timezone": "Asia/Tokyo",
    "isp": "Kddi Corporation",
    "org": "KDDI",
    "as": "AS2516 KDDI CORPORATION",
    "query": "59.129.239.88"
  },
  "113.197.44.143": {
    "status": "success",
    "country": "Japan",
    "countryCode": "JP",
    "region": "15",
    "regionName": "Niigata",
    "city": "Niigata",
    "zip": "951-8111",
    "lat": 37.9035,
    "lon": 139.0059,
    "timezone": "Asia/Tokyo",
    "isp": "Newmedia Corporation",
    "org": "New media Co., Ltd.",
    "as": "AS59127 Newmedia Corporation",
    "query": "113.197.44.143"
  },
  "182.165.93.26": {
    "status": "success",
    "country": "Japan",
    "countryCode": "JP",
    "region": "28",
    "regionName": "Hyōgo",
    "city": "Nishinomiya",
    "zip": "662-0921",
    "lat": 34.7285,
    "lon": 135.3471,
    "timezone": "Asia/Tokyo",
    "isp": "OPTAGE Inc.",
    "org": "OPTAGE Inc.",
    "as": "AS17511 OPTAGE Inc.",
    "query": "182.165.93.26"
  },
  "49.228.245.34": {
    "status": "success",
    "country": "Thailand",
    "countryCode": "TH",
    "region": "50",
    "regionName": "Chiang Mai",
    "city": "Chiang Mai",
    "zip": "50000",
    "lat": 18.7857,
    "lon": 98.9736,
    "timezone": "Asia/Bangkok",
    "isp": "Advanced Wireless Network Company Limited",
    "org": "",
    "as": "AS133481 AIS Fibre",
    "query": "49.228.245.34"
  },
  "85.173.126.66": {
    "status": "success",
    "country": "Russia",
    "countryCode": "RU",
    "region": "KB",
    "regionName": "Kabardino-Balkariya Republic",
    "city": "Aleksandrovka",
    "zip": "360000",
    "lat": 43.4895,
    "lon": 43.6531,
    "timezone": "Europe/Moscow",
    "isp": "Kabardian-Balkar Telecommunications Company",
    "org": "Kabbalktelecom",
    "as": "AS12389 PJSC Rostelecom",
    "query": "85.173.126.66"
  },
  "111.235.74.11": {
    "status": "success",
    "country": "India",
    "countryCode": "IN",
    "region": "GJ",
    "regionName": "Gujarat",
    "city": "Bhavnagar",
    "zip": "364001",
    "lat": 21.764,
    "lon": 72.1505,
    "timezone": "Asia/Kolkata",
    "isp": "SANCHARONLINE",
    "org": "",
    "as": "AS131215 116 MADHAV DARSHAN",
    "query": "111.235.74.11"
  },
  "219.100.37.176": {
    "status": "success",
    "country": "Japan",
    "countryCode": "JP",
    "region": "13",
    "regionName": "Tokyo",
    "city": "Chiyoda City",
    "zip": "100-8111",
    "lat": 35.6916,
    "lon": 139.768,
    "timezone": "Asia/Tokyo",
    "isp": "SoftEther",
    "org": "SoftEther Corporation",
    "as": "AS36599 SoftEther Telecommunication Research Institute, LLC",
    "query": "219.100.37.176"
  },
  "219.100.37.163": {
    "status": "success",
    "country": "Japan",
    "countryCode": "JP",
    "region": "13",
    "regionName": "Tokyo",
    "city": "Chiyoda City",
    "zip": "100-8111",
    "lat": 35.6916,
    "lon": 139.768,
    "timezone": "Asia/Tokyo",
    "isp": "SoftEther",
    "org": "SoftEther Corporation",
    "as": "AS36599 SoftEther Telecommunication Research Institute, LLC",
    "query": "219.100.37.163"
  },
  "219.100.37.31": {
    "status": "success",
    "country": "Japan",
    "countryCode": "JP",
    "region": "13",
    "regionName": "Tokyo",
    "city": "Chiyoda City",
    "zip": "100-8111",
    "lat": 35.6916,
    "lon": 139.768,
    "timezone": "Asia/Tokyo",
    "isp": "SoftEther",
    "org": "SoftEther Corporation",
    "as": "AS36599 SoftEther Telecommunication Research Institute, LLC",
    "query": "219.100.37.31"
  },
  "219.100.37.94": {
    "status": "success",
    "country": "Japan",
    "countryCode": "JP",
    "region": "13",
    "regionName": "Tokyo",
    "city": "Chiyoda City",
    "zip": "100-8111",
    "lat": 35.6916,
    "lon": 139.768,
    "timezone": "Asia/Tokyo",
    "isp": "SoftEther",
    "org": "SoftEther Corporation",
    "as": "AS36599 SoftEther Telecommunication Research Institute, LLC",
    "query": "219.100.37.94"
  },
  "219.100.37.117": {
    "status": "success",
    "country": "Japan",
    "countryCode": "JP",
    "region": "13",
    "regionName": "Tokyo",
    "city": "Chiyoda City",
    "zip": "100-8111",
    "lat": 35.6916,
    "lon": 139.768,
    "timezone": "Asia/Tokyo",
    "isp": "SoftEther",
    "org": "SoftEther Corporation",
    "as": "AS36599 SoftEther Telecommunication Research Institute, LLC",
    "query": "219.100.37.117"
  },
  "219.100.37.98": {
    "status": "success",
    "country": "Japan",
    "countryCode": "JP",
    "region": "13",
    "regionName": "Tokyo",
    "city": "Chiyoda City",
    "zip": "100-8111",
    "lat": 35.6916,
    "lon": 139.768,
    "timezone": "Asia/Tokyo",
    "isp": "SoftEther",
    "org": "SoftEther Corporation",
    "as": "AS36599 SoftEther Telecommunication Research Institute, LLC",
    "query": "219.100.37.98"
  },
  "219.100.37.209": {
    "status": "success",
    "country": "Japan",
    "countryCode": "JP",
    "region": "13",
    "regionName": "Tokyo",
    "city": "Chiyoda City",
    "zip": "100-8111",
    "lat": 35.6916,
    "lon": 139.768,
    "timezone": "Asia/Tokyo",
    "isp": "SoftEther",
    "org": "SoftEther Corporation",
    "as": "AS36599 SoftEther Telecommunication Research Institute, LLC",
    "query": "219.100.37.209"
  },
  "219.100.37.100": {
    "status": "success",
    "country": "Japan",
    "countryCode": "JP",
    "region": "13",
    "regionName": "Tokyo",
    "city": "Chiyoda City",
    "zip": "100-8111",
    "lat": 35.6916,
    "lon": 139.768,
    "timezone": "Asia/Tokyo",
    "isp": "SoftEther",
    "org": "SoftEther Corporation",
    "as": "AS36599 SoftEther Telecommunication Research Institute, LLC",
    "query": "219.100.37.100"
  },
  "219.100.37.172": {
    "status": "success",
    "country": "Japan",
    "countryCode": "JP",
    "region": "13",
    "regionName": "Tokyo",
    "city": "Chiyoda City",
    "zip": "100-8111",
    "lat": 35.6916,
    "lon": 139.768,
    "timezone": "Asia/Tokyo",
    "isp": "SoftEther",
    "org": "SoftEther Corporation",
    "as": "AS36599 SoftEther Telecommunication Research Institute, LLC",
    "query": "219.100.37.172"
  },
  "219.100.37.199": {
    "status": "success",
    "country": "Japan",
    "countryCode": "JP",
    "region": "13",
    "regionName": "Tokyo",
    "city": "Chiyoda City",
    "zip": "100-8111",
    "lat": 35.6916,
    "lon": 139.768,
    "timezone": "Asia/Tokyo",
    "isp": "SoftEther",
    "org": "SoftEther Corporation",
    "as": "AS36599 SoftEther Telecommunication Research Institute, LLC",
    "query": "219.100.37.199"
  },
  "219.100.37.110": {
    "status": "success",
    "country": "Japan",
    "countryCode": "JP",
    "region": "13",
    "regionName": "Tokyo",
    "city": "Chiyoda City",
    "zip": "100-8111",
    "lat": 35.6916,
    "lon": 139.768,
    "timezone": "Asia/Tokyo",
    "isp": "SoftEther",
    "org": "SoftEther Corporation",
    "as": "AS36599 SoftEther Telecommunication Research Institute, LLC",
    "query": "219.100.37.110"
  },
  "219.100.37.81": {
    "status": "success",
    "country": "Japan",
    "countryCode": "JP",
    "region": "13",
    "regionName": "Tokyo",
    "city": "Chiyoda City",
    "zip": "100-8111",
    "lat": 35.6916,
    "lon": 139.768,
    "timezone": "Asia/Tokyo",
    "isp": "SoftEther",
    "org": "SoftEther Corporation",
    "as": "AS36599 SoftEther Telecommunication Research Institute, LLC",
    "query": "219.100.37.81"
  },
  "115.37.171.9": {
    "status": "success",
    "country": "Japan",
    "countryCode": "JP",
    "region": "22",
    "regionName": "Shizuoka",
    "city": "Iwata",
    "zip": "438-0041",
    "lat": 34.7006,
    "lon": 137.871,
    "timezone": "Asia/Tokyo",
    "isp": "Chubu Telecommunications Company, Inc.",
    "org": "Chubu Telecommunications Co., Inc.",
    "as": "AS18126 Chubu Telecommunications Company, Inc.",
    "query": "115.37.171.9"
  },
  "219.100.37.125": {
    "status": "success",
    "country": "Japan",
    "countryCode": "JP",
    "region": "13",
    "regionName": "Tokyo",
    "city": "Chiyoda City",
    "zip": "100-8111",
    "lat": 35.6916,
    "lon": 139.768,
    "timezone": "Asia/Tokyo",
    "isp": "SoftEther",
    "org": "SoftEther Corporation",
    "as": "AS36599 SoftEther Telecommunication Research Institute, LLC",
    "query": "219.100.37.125"
  },
  "219.100.37.13": {
    "status": "success",
    "country": "Japan",
    "countryCode": "JP",
    "region": "13",
    "regionName": "Tokyo",
    "city": "Chiyoda City",
    "zip": "100-8111",
    "lat": 35.6916,
    "lon": 139.768,
    "timezone": "Asia/Tokyo",
    "isp": "SoftEther",
    "org": "SoftEther Corporation",
    "as": "AS36599 SoftEther Telecommunication Research Institute, LLC",
    "query": "219.100.37.13"
  },
  "219.100.37.119": {
    "status": "success",
    "country": "Japan",
    "countryCode": "JP",
    "region": "13",
    "regionName": "Tokyo",
    "city": "Chiyoda City",
    "zip": "100-8111",
    "lat": 35.6916,
    "lon": 139.768,
    "timezone": "Asia/Tokyo",
    "isp": "SoftEther",
    "org": "SoftEther Corporation",
    "as": "AS36599 SoftEther Telecommunication Research Institute, LLC",
    "query": "219.100.37.119"
  },
  "210.194.44.110": {
    "status": "success",
    "country": "Japan",
    "countryCode": "JP",
    "region": "14",
    "regionName": "Kanagawa",
    "city": "Fuchinobe",
    "zip": "252-0201",
    "lat": 35.5851,
    "lon": 139.3944,
    "timezone": "Asia/Tokyo",
    "isp": "JCOM Co., Ltd.",
    "org": "Jupiter Telecommunication Co. Ltd",
    "as": "AS9824 JCOM Co., Ltd.",
    "query": "210.194.44.110"
  },
  "60.125.6.93": {
    "status": "success",
    "country": "Japan",
    "countryCode": "JP",
    "region": "13",
    "regionName": "Tokyo",
    "city": "Minato-ku",
    "zip": "104-0045",
    "lat": 35.6629,
    "lon": 139.761,
    "timezone": "Asia/Tokyo",
    "isp": "SoftBank Corp.",
    "org": "Japan Nation-wide Network of Softbank Corp.",
    "as": "AS17676 SoftBank Corp.",
    "query": "60.125.6.93"
  },
  "106.168.67.207": {
    "status": "success",
    "country": "Japan",
    "countryCode": "JP",
    "region": "14",
    "regionName": "Kanagawa",
    "city": "Yokohama",
    "zip": "231-0841",
    "lat": 35.4337,
    "lon": 139.6499,
    "timezone": "Asia/Tokyo",
    "isp": "Kddi Corporation",
    "org": "KDDI",
    "as": "AS2516 KDDI CORPORATION",
    "query": "106.168.67.207"
  },
  "219.54.205.137": {
    "status": "success",
    "country": "Japan",
    "countryCode": "JP",
    "region": "13",
    "regionName": "Tokyo",
    "city": "Minato",
    "zip": "104-0045",
    "lat": 35.6629,
    "lon": 139.761,
    "timezone": "Asia/Tokyo",
    "isp": "SoftBank Corp.",
    "org": "Japan nation-wide Network of SOFTBANK Corp.",
    "as": "AS17676 SoftBank Corp.",
    "query": "219.54.205.137"
  },
  "60.142.95.248": {
    "status": "success",
    "country": "Japan",
    "countryCode": "JP",
    "region": "13",
    "regionName": "Tokyo",
    "city": "Minato-ku",
    "zip": "104-0045",
    "lat": 35.6629,
    "lon": 139.761,
    "timezone": "Asia/Tokyo",
    "isp": "SoftBank Corp.",
    "org": "Japan Nation-wide Network of Softbank Corp.",
    "as": "AS17676 SoftBank Corp.",
    "query": "60.142.95.248"
  },
  "60.119.224.202": {
    "status": "success",
    "country": "Japan",
    "countryCode": "JP",
    "region": "13",
    "regionName": "Tokyo",
    "city": "Minato-ku",
    "zip": "104-0045",
    "lat": 35.6629,
    "lon": 139.761,
    "timezone": "Asia/Tokyo",
    "isp": "SoftBank Corp.",
    "org": "Japan Nation-wide Network of Softbank Corp.",
    "as": "AS17676 SoftBank Corp.",
    "query": "60.119.224.202"
  },
  "126.1.170.43": {
    "status": "success",
    "country": "Japan",
    "countryCode": "JP",
    "region": "13",
    "regionName": "Tokyo",
    "city": "Minato",
    "zip": "105-0012",
    "lat": 35.6552,
    "lon": 139.761,
    "timezone": "Asia/Tokyo",
    "isp": "SoftBank Corp.",
    "org": "SOFTBANK Corp",
    "as": "AS17676 SoftBank Corp.",
    "query": "126.1.170.43"
  },
  "180.5.11.164": {
    "status": "success",
    "country": "Japan",
    "countryCode": "JP",
    "region": "11",
    "regionName": "Saitama",
    "city": "Tokiwa",
    "zip": "330-0061",
    "lat": 35.8669,
    "lon": 139.6469,
    "timezone": "Asia/Tokyo",
    "isp": "NTT Communications Corporation",
    "org": "Open Computer Network",
    "as": "AS4713 NTT DOCOMO BUSINESS,Inc.",
    "query": "180.5.11.164"
  },
  "221.118.47.135": {
    "status": "success",
    "country": "Japan",
    "countryCode": "JP",
    "region": "01",
    "regionName": "Hokkaido",
    "city": "Miyoshichō",
    "zip": "090-0061",
    "lat": 43.8243,
    "lon": 143.903,
    "timezone": "Asia/Tokyo",
    "isp": "AITAI",
    "org": "AITAI-NET(Himawari Network Inc.)",
    "as": "AS9354 Community Network Center Inc.",
    "query": "221.118.47.135"
  },
  "222.9.243.1": {
    "status": "success",
    "country": "Japan",
    "countryCode": "JP",
    "region": "23",
    "regionName": "Aichi",
    "city": "Okazaki",
    "zip": "444-0861",
    "lat": 34.9555,
    "lon": 137.1653,
    "timezone": "Asia/Tokyo",
    "isp": "Chubu Telecommunications Company, Inc.",
    "org": "Chubu Telecommunications Co., Inc.",
    "as": "AS18126 Chubu Telecommunications Company, Inc.",
    "query": "222.9.243.1"
  },
  "126.214.226.73": {
    "status": "success",
    "country": "Japan",
    "countryCode": "JP",
    "region": "28",
    "regionName": "Hyōgo",
    "city": "Ashiya",
    "zip": "659-0091",
    "lat": 34.7281,
    "lon": 135.303,
    "timezone": "Asia/Tokyo",
    "isp": "SoftBank Corp.",
    "org": "SOFTBANK Corp",
    "as": "AS17676 SoftBank Corp.",
    "query": "126.214.226.73"
  },
  "221.45.120.53": {
    "status": "success",
    "country": "Japan",
    "countryCode": "JP",
    "region": "12",
    "regionName": "Chiba",
    "city": "Katori-shi",
    "zip": "287-0017",
    "lat": 35.8977,
    "lon": 140.499,
    "timezone": "Asia/Tokyo",
    "isp": "SoftBank Corp.",
    "org": "Japan nation-wide Network of SOFTBANK BB Corp.",
    "as": "AS17676 SoftBank Corp.",
    "query": "221.45.120.53"
  },
  "126.12.104.129": {
    "status": "success",
    "country": "Japan",
    "countryCode": "JP",
    "region": "13",
    "regionName": "Tokyo",
    "city": "Minato",
    "zip": "105-0012",
    "lat": 35.6552,
    "lon": 139.761,
    "timezone": "Asia/Tokyo",
    "isp": "SoftBank Corp.",
    "org": "SOFTBANK Corp",
    "as": "AS17676 SoftBank Corp.",
    "query": "126.12.104.129"
  },
  "126.122.35.229": {
    "status": "success",
    "country": "Japan",
    "countryCode": "JP",
    "region": "13",
    "regionName": "Tokyo",
    "city": "Minato-ku",
    "zip": "105-0012",
    "lat": 35.6552,
    "lon": 139.761,
    "timezone": "Asia/Tokyo",
    "isp": "SoftBank Corp.",
    "org": "SOFTBANK Corp",
    "as": "AS17676 SoftBank Corp.",
    "query": "126.122.35.229"
  },
  "42.148.36.223": {
    "status": "success",
    "country": "Japan",
    "countryCode": "JP",
    "region": "14",
    "regionName": "Kanagawa",
    "city": "Yokosuka",
    "zip": "237-0071",
    "lat": 35.2985,
    "lon": 139.6537,
    "timezone": "Asia/Tokyo",
    "isp": "JCOM Co., Ltd.",
    "org": "Jupiter Telecommunication Co. Ltd",
    "as": "AS9824 JCOM Co., Ltd.",
    "query": "42.148.36.223"
  },
  "122.211.100.57": {
    "status": "success",
    "country": "Japan",
    "countryCode": "JP",
    "region": "23",
    "regionName": "Aichi",
    "city": "Nagoya",
    "zip": "461-0001",
    "lat": 35.1796,
    "lon": 136.9166,
    "timezone": "Asia/Tokyo",
    "isp": "ARTERIA Networks Corporation",
    "org": "UCOM Corporation",
    "as": "AS17506 ARTERIA Networks Corporation",
    "query": "122.211.100.57"
  },
  "113.153.85.106": {
    "status": "success",
    "country": "Japan",
    "countryCode": "JP",
    "region": "27",
    "regionName": "Osaka",
    "city": "Suita",
    "zip": "564-0021",
    "lat": 34.7595,
    "lon": 135.5329,
    "timezone": "Asia/Tokyo",
    "isp": "DION (KDDI CORPORATION)",
    "org": "KDDI",
    "as": "AS2516 KDDI CORPORATION",
    "query": "113.153.85.106"
  },
  "153.144.125.1": {
    "status": "success",
    "country": "Japan",
    "countryCode": "JP",
    "region": "08",
    "regionName": "Ibaraki",
    "city": "Ishioka",
    "zip": "315-0001",
    "lat": 36.1832,
    "lon": 140.2617,
    "timezone": "Asia/Tokyo",
    "isp": "NTT Communications Corporation",
    "org": "NTT Communications Corporation",
    "as": "AS4713 NTT DOCOMO BUSINESS,Inc.",
    "query": "153.144.125.1"
  },
  "153.184.15.68": {
    "status": "success",
    "country": "Japan",
    "countryCode": "JP",
    "region": "33",
    "regionName": "Okayama",
    "city": "Okayama",
    "zip": "703-8291",
    "lat": 34.657,
    "lon": 133.9436,
    "timezone": "Asia/Tokyo",
    "isp": "NTT Communications Corporation",
    "org": "Open Computer Network",
    "as": "AS4713 NTT DOCOMO BUSINESS,Inc.",
    "query": "153.184.15.68"
  },
  "124.219.236.95": {
    "status": "success",
    "country": "Japan",
    "countryCode": "JP",
    "region": "14",
    "regionName": "Kanagawa",
    "city": "Nagataminami",
    "zip": "232-0071",
    "lat": 35.4404,
    "lon": 139.5877,
    "timezone": "Asia/Tokyo",
    "isp": "Sony Network Communications Inc.",
    "org": "Sony Network Communications Inc.",
    "as": "AS2527 Sony Network Communications Inc.",
    "query": "124.219.236.95"
  },
  "113.153.66.199": {
    "status": "success",
    "country": "Japan",
    "countryCode": "JP",
    "region": "27",
    "regionName": "Osaka",
    "city": "Suita",
    "zip": "564-0021",
    "lat": 34.7595,
    "lon": 135.5329,
    "timezone": "Asia/Tokyo",
    "isp": "DION (KDDI CORPORATION)",
    "org": "KDDI",
    "as": "AS2516 KDDI CORPORATION",
    "query": "113.153.66.199"
  },
  "125.205.221.208": {
    "status": "success",
    "country": "Japan",
    "countryCode": "JP",
    "region": "27",
    "regionName": "Osaka",
    "city": "Osaka",
    "zip": "540-0031",
    "lat": 34.691,
    "lon": 135.5124,
    "timezone": "Asia/Tokyo",
    "isp": "NTT Communications Corporation",
    "org": "NTT Communications Corporation",
    "as": "AS4713 NTT DOCOMO BUSINESS,Inc.",
    "query": "125.205.221.208"
  },
  "221.118.159.39": {
    "status": "success",
    "country": "Japan",
    "countryCode": "JP",
    "region": "21",
    "regionName": "Gifu",
    "city": "Hashima",
    "zip": "501-6311",
    "lat": 35.3186,
    "lon": 136.6999,
    "timezone": "Asia/Tokyo",
    "isp": "AITAI",
    "org": "AITAI-NET(Himawari Network Inc.)",
    "as": "AS9354 Community Network Center Inc.",
    "query": "221.118.159.39"
  },
  "113.154.223.222": {
    "status": "success",
    "country": "Japan",
    "countryCode": "JP",
    "region": "11",
    "regionName": "Saitama",
    "city": "Koshigaya",
    "zip": "343-0851",
    "lat": 35.8895,
    "lon": 139.7934,
    "timezone": "Asia/Tokyo",
    "isp": "DION (KDDI CORPORATION)",
    "org": "KDDI",
    "as": "AS2516 KDDI CORPORATION",
    "query": "113.154.223.222"
  },
  "92.203.90.42": {
    "status": "success",
    "country": "Japan",
    "countryCode": "JP",
    "region": "40",
    "regionName": "Fukuoka",
    "city": "Maigaoka",
    "zip": "802-0821",
    "lat": 33.8366,
    "lon": 130.9008,
    "timezone": "Asia/Tokyo",
    "isp": "Sony Network Communications Inc",
    "org": "Sony Network Communications Inc.",
    "as": "AS2527 Sony Network Communications Inc.",
    "query": "92.203.90.42"
  },
  "36.12.175.158": {
    "status": "success",
    "country": "Japan",
    "countryCode": "JP",
    "region": "13",
    "regionName": "Tokyo",
    "city": "Nerima City",
    "zip": "176-0001",
    "lat": 35.7421,
    "lon": 139.6524,
    "timezone": "Asia/Tokyo",
    "isp": "Kddi Corporation",
    "org": "KDDI",
    "as": "AS2516 KDDI CORPORATION",
    "query": "36.12.175.158"
  },
  "180.196.105.152": {
    "status": "success",
    "country": "Japan",
    "countryCode": "JP",
    "region": "23",
    "regionName": "Aichi",
    "city": "Seto",
    "zip": "489-0071",
    "lat": 35.2329,
    "lon": 137.0992,
    "timezone": "Asia/Tokyo",
    "isp": "Chubu Telecommunications Company, Inc.",
    "org": "Chubu Telecommunications Co., Inc.",
    "as": "AS18126 Chubu Telecommunications Company, Inc.",
    "query": "180.196.105.152"
  },
  "114.183.128.230": {
    "status": "success",
    "country": "Japan",
    "countryCode": "JP",
    "region": "13",
    "regionName": "Tokyo",
    "city": "Chiyoda City",
    "zip": "100-8111",
    "lat": 35.6906,
    "lon": 139.77,
    "timezone": "Asia/Tokyo",
    "isp": "NTT Communications Corporation",
    "org": "NTT Communications Corporation",
    "as": "AS4713 NTT DOCOMO BUSINESS,Inc.",
    "query": "114.183.128.230"
  },
  "125.51.12.33": {
    "status": "success",
    "country": "Japan",
    "countryCode": "JP",
    "region": "47",
    "regionName": "Okinawa",
    "city": "Okinawa",
    "zip": "904-0031",
    "lat": 26.3323,
    "lon": 127.7903,
    "timezone": "Asia/Tokyo",
    "isp": "DION (KDDI CORPORATION)",
    "org": "KDDI",
    "as": "AS2516 KDDI CORPORATION",
    "query": "125.51.12.33"
  },
  "58.93.54.247": {
    "status": "success",
    "country": "Japan",
    "countryCode": "JP",
    "region": "12",
    "regionName": "Chiba",
    "city": "Shinchiba",
    "zip": "260-0031",
    "lat": 35.6143,
    "lon": 140.1062,
    "timezone": "Asia/Tokyo",
    "isp": "NTT Communications Corporation",
    "org": "NTT Communications Corporation",
    "as": "AS4713 NTT DOCOMO BUSINESS,Inc.",
    "query": "58.93.54.247"
  },
  "41.248.208.186": {
    "status": "success",
    "country": "Morocco",
    "countryCode": "MA",
    "region": "04",
    "regionName": "Rabat-Salé-Kénitra",
    "city": "Rabat",
    "zip": "",
    "lat": 34.0072,
    "lon": -6.8407,
    "timezone": "Africa/Casablanca",
    "isp": "ADSL Maroc telecom",
    "org": "",
    "as": "AS36903 Office National des Postes et Telecommunications ONPT (Maroc Telecom) / IAM",
    "query": "41.248.208.186"
  },
  "95.188.84.114": {
    "status": "success",
    "country": "Russia",
    "countryCode": "RU",
    "region": "KYA",
    "regionName": "Krasnoyarsk Krai",
    "city": "Krasnoyarsk",
    "zip": "660049",
    "lat": 56.0374,
    "lon": 92.9314,
    "timezone": "Asia/Krasnoyarsk",
    "isp": "Rostelecom networks",
    "org": "OJSC Rostelecom",
    "as": "AS12389 PJSC Rostelecom",
    "query": "95.188.84.114"
  },
  "212.20.43.5": {
    "status": "success",
    "country": "Russia",
    "countryCode": "RU",
    "region": "NVS",
    "regionName": "Novosibirsk Oblast",
    "city": "Novosibirsk",
    "zip": "630000",
    "lat": 55.0226,
    "lon": 82.9317,
    "timezone": "Asia/Novosibirsk",
    "isp": "OJSC \"Sibirtelecom\"",
    "org": "OJSC Sibirtelecom",
    "as": "AS12389 PJSC Rostelecom",
    "query": "212.20.43.5"
  },
  "46.242.9.163": {
    "status": "success",
    "country": "Russia",
    "countryCode": "RU",
    "region": "MOW",
    "regionName": "Moscow",
    "city": "Moscow",
    "zip": "127474",
    "lat": 55.7487,
    "lon": 37.6187,
    "timezone": "Europe/Moscow",
    "isp": "NCNET",
    "org": "",
    "as": "AS42610 PJSC Rostelecom",
    "query": "46.242.9.163"
  },
  "82.209.105.49": {
    "status": "success",
    "country": "Russia",
    "countryCode": "RU",
    "region": "PNZ",
    "regionName": "Penza Oblast",
    "city": "Penza",
    "zip": "440960",
    "lat": 53.1952,
    "lon": 44.9949,
    "timezone": "Europe/Moscow",
    "isp": "MTS PJSC",
    "org": "MTS Penza",
    "as": "AS35728 MTS PJSC",
    "query": "82.209.105.49"
  },
  "95.55.137.220": {
    "status": "success",
    "country": "Russia",
    "countryCode": "RU",
    "region": "SPE",
    "regionName": "St.-Petersburg",
    "city": "St Petersburg",
    "zip": "190990",
    "lat": 59.8983,
    "lon": 30.2618,
    "timezone": "Europe/Moscow",
    "isp": "SPBNIT",
    "org": "OJSC North-West Telecom",
    "as": "AS12389 PJSC Rostelecom",
    "query": "95.55.137.220"
  },
  "91.197.107.46": {
    "status": "success",
    "country": "Russia",
    "countryCode": "RU",
    "region": "KDA",
    "regionName": "Krasnodar Krai",
    "city": "Sochi",
    "zip": "354000",
    "lat": 43.5994,
    "lon": 39.7289,
    "timezone": "Europe/Moscow",
    "isp": "Radist LTD",
    "org": "Radist LTD",
    "as": "AS57753 Radist LTD",
    "query": "91.197.107.46"
  },
  "109.191.168.229": {
    "status": "success",
    "country": "Russia",
    "countryCode": "RU",
    "region": "CHE",
    "regionName": "Chelyabinsk Oblast",
    "city": "Chebarkul'",
    "zip": "456442",
    "lat": 54.9737,
    "lon": 60.3592,
    "timezone": "Asia/Yekaterinburg",
    "isp": "Intersvyaz-2 JSC",
    "org": "",
    "as": "AS8369 Intersvyaz-2 JSC",
    "query": "109.191.168.229"
  },
  "178.214.249.93": {
    "status": "success",
    "country": "Russia",
    "countryCode": "RU",
    "region": "BA",
    "regionName": "Bashkortostan Republic",
    "city": "Ufa",
    "zip": "450000",
    "lat": 54.7431,
    "lon": 55.9678,
    "timezone": "Asia/Yekaterinburg",
    "isp": "JSC \"Ufanet\"",
    "org": "JSC Ufanet",
    "as": "AS24955 JSC Ufanet",
    "query": "178.214.249.93"
  },
  "86.102.40.193": {
    "status": "success",
    "country": "Russia",
    "countryCode": "RU",
    "region": "PRI",
    "regionName": "Primorye",
    "city": "Ussuriysk",
    "zip": "692500",
    "lat": 43.8008,
    "lon": 131.9459,
    "timezone": "Asia/Vladivostok",
    "isp": "Rostelecom networks",
    "org": "",
    "as": "AS12389 PJSC Rostelecom",
    "query": "86.102.40.193"
  },
  "176.209.253.74": {
    "status": "success",
    "country": "Russia",
    "countryCode": "RU",
    "region": "TOM",
    "regionName": "Tomsk Oblast",
    "city": "Tomsk",
    "zip": "634009",
    "lat": 56.4957,
    "lon": 84.9636,
    "timezone": "Asia/Tomsk",
    "isp": "OJSC \"Sibirtelecom\"",
    "org": "OJSC Sibirtelecom",
    "as": "AS12389 PJSC Rostelecom",
    "query": "176.209.253.74"
  },
  "89.254.251.112": {
    "status": "success",
    "country": "Russia",
    "countryCode": "RU",
    "region": "KLU",
    "regionName": "Kaluga Oblast",
    "city": "Kirov",
    "zip": "302530",
    "lat": 54.072,
    "lon": 34.2901,
    "timezone": "Europe/Moscow",
    "isp": "PJSC Rostelecom",
    "org": "Adsl Kirov",
    "as": "AS12389 PJSC Rostelecom",
    "query": "89.254.251.112"
  },
  "86.102.13.202": {
    "status": "success",
    "country": "Russia",
    "countryCode": "RU",
    "region": "PRI",
    "regionName": "Primorye",
    "city": "Vladivostok",
    "zip": "690001",
    "lat": 43.1068,
    "lon": 131.8692,
    "timezone": "Asia/Vladivostok",
    "isp": "Rostelecom networks",
    "org": "",
    "as": "AS12389 PJSC Rostelecom",
    "query": "86.102.13.202"
  },
  "210.178.104.10": {
    "status": "success",
    "country": "South Korea",
    "countryCode": "KR",
    "region": "47",
    "regionName": "Gyeongsangbuk-do",
    "city": "Gumi",
    "zip": "392",
    "lat": 36.1135,
    "lon": 128.343,
    "timezone": "Asia/Seoul",
    "isp": "Korea Telecom",
    "org": "Kornet",
    "as": "AS4766 Korea Telecom",
    "query": "210.178.104.10"
  },
  "125.129.244.236": {
    "status": "success",
    "country": "South Korea",
    "countryCode": "KR",
    "region": "11",
    "regionName": "Seoul",
    "city": "Mapo-gu",
    "zip": "039",
    "lat": 37.5681,
    "lon": 126.8998,
    "timezone": "Asia/Seoul",
    "isp": "Korea Telecom",
    "org": "Kornet",
    "as": "AS4766 Korea Telecom",
    "query": "125.129.244.236"
  },
  "1.177.83.139": {
    "status": "success",
    "country": "South Korea",
    "countryCode": "KR",
    "region": "26",
    "regionName": "Busan",
    "city": "Busanjin-gu",
    "zip": "471",
    "lat": 35.1659,
    "lon": 129.0542,
    "timezone": "Asia/Seoul",
    "isp": "CJ Hello Co",
    "org": "HVJungbusan",
    "as": "AS9845 LG HelloVision Corp.",
    "query": "1.177.83.139"
  },
  "49.174.10.156": {
    "status": "success",
    "country": "South Korea",
    "countryCode": "KR",
    "region": "41",
    "regionName": "Gyeonggi-do",
    "city": "Yongin-si",
    "zip": "169",
    "lat": 37.298,
    "lon": 127.0777,
    "timezone": "Asia/Seoul",
    "isp": "LG POWERCOMM",
    "org": "LG POWERCOMM",
    "as": "AS17858 LG POWERCOMM",
    "query": "49.174.10.156"
  },
  "175.194.115.126": {
    "status": "success",
    "country": "South Korea",
    "countryCode": "KR",
    "region": "41",
    "regionName": "Gyeonggi-do",
    "city": "Yangp'yŏng",
    "zip": "125",
    "lat": 37.4878,
    "lon": 127.4875,
    "timezone": "Asia/Seoul",
    "isp": "Korea Telecom",
    "org": "Kornet",
    "as": "AS4766 Korea Telecom",
    "query": "175.194.115.126"
  },
  "221.163.41.207": {
    "status": "success",
    "country": "South Korea",
    "countryCode": "KR",
    "region": "41",
    "regionName": "Gyeonggi-do",
    "city": "Suwon",
    "zip": "163",
    "lat": 37.2905,
    "lon": 126.9877,
    "timezone": "Asia/Seoul",
    "isp": "Korea Telecom",
    "org": "",
    "as": "AS4766 Korea Telecom",
    "query": "221.163.41.207"
  },
  "175.194.215.61": {
    "status": "success",
    "country": "South Korea",
    "countryCode": "KR",
    "region": "41",
    "regionName": "Gyeonggi-do",
    "city": "Yangju",
    "zip": "114",
    "lat": 37.8119,
    "lon": 127.08,
    "timezone": "Asia/Seoul",
    "isp": "Korea Telecom",
    "org": "Kornet",
    "as": "AS4766 Korea Telecom",
    "query": "175.194.215.61"
  },
  "210.100.238.121": {
    "status": "success",
    "country": "South Korea",
    "countryCode": "KR",
    "region": "41",
    "regionName": "Gyeonggi-do",
    "city": "Suwon",
    "zip": "163",
    "lat": 37.2905,
    "lon": 126.9877,
    "timezone": "Asia/Seoul",
    "isp": "Korea Telecom",
    "org": "",
    "as": "AS4766 Korea Telecom",
    "query": "210.100.238.121"
  },
  "119.196.49.82": {
    "status": "success",
    "country": "South Korea",
    "countryCode": "KR",
    "region": "11",
    "regionName": "Seoul",
    "city": "Gwanak-gu",
    "zip": "087",
    "lat": 37.4873,
    "lon": 126.9227,
    "timezone": "Asia/Seoul",
    "isp": "Korea Telecom",
    "org": "Sudogwonseobubonbu",
    "as": "AS4766 Korea Telecom",
    "query": "119.196.49.82"
  },
  "221.144.146.230": {
    "status": "success",
    "country": "South Korea",
    "countryCode": "KR",
    "region": "11",
    "regionName": "Seoul",
    "city": "Seoul",
    "zip": "045",
    "lat": 37.5656,
    "lon": 126.978,
    "timezone": "Asia/Seoul",
    "isp": "Korea Telecom",
    "org": "Kornet",
    "as": "AS4766 Korea Telecom",
    "query": "221.144.146.230"
  },
  "220.86.169.210": {
    "status": "success",
    "country": "South Korea",
    "countryCode": "KR",
    "region": "11",
    "regionName": "Seoul",
    "city": "Guro-gu",
    "zip": "083",
    "lat": 37.4784,
    "lon": 126.8982,
    "timezone": "Asia/Seoul",
    "isp": "Korea Telecom",
    "org": "",
    "as": "AS4766 Korea Telecom",
    "query": "220.86.169.210"
  },
  "221.155.135.166": {
    "status": "success",
    "country": "South Korea",
    "countryCode": "KR",
    "region": "41",
    "regionName": "Gyeonggi-do",
    "city": "Uijeongbu-si",
    "zip": "117",
    "lat": 37.7303,
    "lon": 127.0672,
    "timezone": "Asia/Seoul",
    "isp": "Korea Telecom",
    "org": "Kornet",
    "as": "AS4766 Korea Telecom",
    "query": "221.155.135.166"
  },
  "59.24.195.103": {
    "status": "success",
    "country": "South Korea",
    "countryCode": "KR",
    "region": "47",
    "regionName": "Gyeongsangbuk-do",
    "city": "Yeongju",
    "zip": "360",
    "lat": 36.8226,
    "lon": 128.6274,
    "timezone": "Asia/Seoul",
    "isp": "Korea Telecom",
    "org": "Kornet",
    "as": "AS4766 Korea Telecom",
    "query": "59.24.195.103"
  },
  "121.178.160.79": {
    "status": "success",
    "country": "South Korea",
    "countryCode": "KR",
    "region": "46",
    "regionName": "Jeollanam-do",
    "city": "Mokpo",
    "zip": "587",
    "lat": 34.8163,
    "lon": 126.3895,
    "timezone": "Asia/Seoul",
    "isp": "Korea Telecom",
    "org": "Jeonnambonbujang",
    "as": "AS4766 Korea Telecom",
    "query": "121.178.160.79"
  },
  "222.239.206.46": {
    "status": "success",
    "country": "South Korea",
    "countryCode": "KR",
    "region": "46",
    "regionName": "Jeollanam-do",
    "city": "Gwangyang",
    "zip": "577",
    "lat": 34.949,
    "lon": 127.6994,
    "timezone": "Asia/Seoul",
    "isp": "SK Broadband Co Ltd",
    "org": "broadNnet",
    "as": "AS9318 SK Broadband Co Ltd",
    "query": "222.239.206.46"
  },
  "121.151.70.94": {
    "status": "success",
    "country": "South Korea",
    "countryCode": "KR",
    "region": "27",
    "regionName": "Daegu",
    "city": "Dalseo-gu",
    "zip": "428",
    "lat": 35.8267,
    "lon": 128.54,
    "timezone": "Asia/Seoul",
    "isp": "Korea Telecom",
    "org": "Kornet",
    "as": "AS4766 Korea Telecom",
    "query": "121.151.70.94"
  },
  "124.216.139.225": {
    "status": "success",
    "country": "South Korea",
    "countryCode": "KR",
    "region": "31",
    "regionName": "Ulsan",
    "city": "Nam-gu",
    "zip": "447",
    "lat": 35.5335,
    "lon": 129.3173,
    "timezone": "Asia/Seoul",
    "isp": "Ulsan Jung-Ang Broadcasting Network",
    "org": "JCN",
    "as": "AS45361 Ulsan Jung-Ang Broadcasting Network",
    "query": "124.216.139.225"
  },
  "221.160.158.53": {
    "status": "success",
    "country": "South Korea",
    "countryCode": "KR",
    "region": "43",
    "regionName": "North Chungcheong",
    "city": "Cheongju-si",
    "zip": "283",
    "lat": 36.6202,
    "lon": 127.4243,
    "timezone": "Asia/Seoul",
    "isp": "Korea Telecom",
    "org": "Korea Telecom",
    "as": "AS4766 Korea Telecom",
    "query": "221.160.158.53"
  },
  "39.124.29.219": {
    "status": "success",
    "country": "South Korea",
    "countryCode": "KR",
    "region": "41",
    "regionName": "Gyeonggi-do",
    "city": "Yongin-si",
    "zip": "16940",
    "lat": 37.298,
    "lon": 127.0777,
    "timezone": "Asia/Seoul",
    "isp": "SK Broadband Co Ltd",
    "org": "broadNnet",
    "as": "AS9318 SK Broadband Co Ltd",
    "query": "39.124.29.219"
  },
  "125.242.161.80": {
    "status": "success",
    "country": "South Korea",
    "countryCode": "KR",
    "region": "41",
    "regionName": "Gyeonggi-do",
    "city": "Paju",
    "zip": "108",
    "lat": 37.7428,
    "lon": 126.737,
    "timezone": "Asia/Seoul",
    "isp": "LG POWERCOMM",
    "org": "Pubnetplus",
    "as": "AS17858 LG POWERCOMM",
    "query": "125.242.161.80"
  },
  "14.36.85.155": {
    "status": "success",
    "country": "South Korea",
    "countryCode": "KR",
    "region": "41",
    "regionName": "Gyeonggi-do",
    "city": "Yongin-si",
    "zip": "16940",
    "lat": 37.298,
    "lon": 127.0777,
    "timezone": "Asia/Seoul",
    "isp": "Korea Telecom",
    "org": "Kornet",
    "as": "AS4766 Korea Telecom",
    "query": "14.36.85.155"
  },
  "125.180.77.9": {
    "status": "success",
    "country": "South Korea",
    "countryCode": "KR",
    "region": "28",
    "regionName": "Incheon",
    "city": "Seo-gu",
    "zip": "226",
    "lat": 37.5929,
    "lon": 126.688,
    "timezone": "Asia/Seoul",
    "isp": "LG POWERCOMM",
    "org": "LG POWERCOMM",
    "as": "AS17858 LG POWERCOMM",
    "query": "125.180.77.9"
  },
  "49.49.231.148": {
    "status": "success",
    "country": "Thailand",
    "countryCode": "TH",
    "region": "10",
    "regionName": "Bangkok",
    "city": "Bangkok",
    "zip": "10110",
    "lat": 13.7101,
    "lon": 100.4543,
    "timezone": "Asia/Bangkok",
    "isp": "Triple T Broadband Public Company Limited",
    "org": "Triple T Broadband Public Company Limited",
    "as": "AS45758 Triple T Broadband Public Company Limited",
    "query": "49.49.231.148"
  },
  "171.4.218.173": {
    "status": "success",
    "country": "Thailand",
    "countryCode": "TH",
    "region": "50",
    "regionName": "Chiang Mai",
    "city": "Chiang Mai",
    "zip": "50000",
    "lat": 18.7857,
    "lon": 98.9736,
    "timezone": "Asia/Bangkok",
    "isp": "Triple T Broadband Public Company Limited",
    "org": "Triple T Broadband Public Company Limited",
    "as": "AS45758 Triple T Broadband Public Company Limited",
    "query": "171.4.218.173"
  },
  "124.122.78.51": {
    "status": "success",
    "country": "Thailand",
    "countryCode": "TH",
    "region": "20",
    "regionName": "Chon Buri",
    "city": "Chon Buri",
    "zip": "20000",
    "lat": 13.3626,
    "lon": 100.9843,
    "timezone": "Asia/Bangkok",
    "isp": "True Internet Co., Ltd.",
    "org": "TRUE BB",
    "as": "AS17552 True Online",
    "query": "124.122.78.51"
  },
  "49.228.103.97": {
    "status": "success",
    "country": "Thailand",
    "countryCode": "TH",
    "region": "10",
    "regionName": "Bangkok",
    "city": "Bangkok",
    "zip": "10400",
    "lat": 13.7618,
    "lon": 100.5324,
    "timezone": "Asia/Bangkok",
    "isp": "Advanced Wireless Network Company Limited",
    "org": "AIS Fibre",
    "as": "AS133481 AIS Fibre",
    "query": "49.228.103.97"
  },
  "184.22.234.129": {
    "status": "success",
    "country": "Thailand",
    "countryCode": "TH",
    "region": "10",
    "regionName": "Bangkok",
    "city": "Bangkok",
    "zip": "10110",
    "lat": 13.7101,
    "lon": 100.4543,
    "timezone": "Asia/Bangkok",
    "isp": "AIS-Fibre",
    "org": "",
    "as": "AS133481 AIS Fibre",
    "query": "184.22.234.129"
  },
  "49.228.15.176": {
    "status": "success",
    "country": "Thailand",
    "countryCode": "TH",
    "region": "10",
    "regionName": "Bangkok",
    "city": "Bangkok",
    "zip": "10600",
    "lat": 13.733,
    "lon": 100.4865,
    "timezone": "Asia/Bangkok",
    "isp": "Advanced Wireless Network Company Limited",
    "org": "AIS Fibre",
    "as": "AS133481 AIS Fibre",
    "query": "49.228.15.176"
  },
  "171.4.224.235": {
    "status": "success",
    "country": "Thailand",
    "countryCode": "TH",
    "region": "50",
    "regionName": "Chiang Mai",
    "city": "Chiang Mai",
    "zip": "50210",
    "lat": 18.8514,
    "lon": 99.0412,
    "timezone": "Asia/Bangkok",
    "isp": "Triple T Broadband Public Company Limited",
    "org": "Triple T Broadband Public Company Limited",
    "as": "AS45758 Triple T Broadband Public Company Limited",
    "query": "171.4.224.235"
  },
  "184.22.112.206": {
    "status": "success",
    "country": "Thailand",
    "countryCode": "TH",
    "region": "40",
    "regionName": "Khon Kaen",
    "city": "Khon Kaen",
    "zip": "40160",
    "lat": 16.4467,
    "lon": 102.833,
    "timezone": "Asia/Bangkok",
    "isp": "AIS-Fibre",
    "org": "",
    "as": "AS133481 AIS Fibre",
    "query": "184.22.112.206"
  },
  "49.228.96.139": {
    "status": "success",
    "country": "Thailand",
    "countryCode": "TH",
    "region": "10",
    "regionName": "Bangkok",
    "city": "Bangkok",
    "zip": "10120",
    "lat": 13.7101,
    "lon": 100.4543,
    "timezone": "Asia/Bangkok",
    "isp": "Advanced Wireless Network Company Limited",
    "org": "AIS Fibre",
    "as": "AS133481 AIS Fibre",
    "query": "49.228.96.139"
  },
  "167.150.246.143": {
    "status": "success",
    "country": "United States",
    "countryCode": "US",
    "region": "ID",
    "regionName": "Idaho",
    "city": "Hazelton",
    "zip": "83335",
    "lat": 42.5988,
    "lon": -114.1368,
    "timezone": "America/Boise",
    "isp": "ETS TELECOM",
    "org": "ETS TELECOM",
    "as": "AS18914 ETS TELECOM",
    "query": "167.150.246.143"
  },
  "27.66.249.75": {
    "status": "success",
    "country": "Vietnam",
    "countryCode": "VN",
    "region": "HN",
    "regionName": "Hanoi",
    "city": "Hanoi",
    "zip": "100000",
    "lat": 21.0184,
    "lon": 105.8461,
    "timezone": "Asia/Bangkok",
    "isp": "Viettel Group",
    "org": "VIETTEL",
    "as": "AS7552 Viettel Group",
    "query": "27.66.249.75"
  },
  "42.118.112.239": {
    "status": "success",
    "country": "Vietnam",
    "countryCode": "VN",
    "region": "SG",
    "regionName": "Ho Chi Minh",
    "city": "Ho Chi Minh City",
    "zip": "700000",
    "lat": 10.822,
    "lon": 106.6257,
    "timezone": "Asia/Ho_Chi_Minh",
    "isp": "FPT Telecom Company",
    "org": "Vietnam Internet Network Information Center",
    "as": "AS18403 FPT Telecom Company",
    "query": "42.118.112.239"
  },
  "42.119.78.68": {
    "status": "success",
    "country": "Vietnam",
    "countryCode": "VN",
    "region": "SG",
    "regionName": "Ho Chi Minh",
    "city": "Ho Chi Minh City",
    "zip": "700000",
    "lat": 10.822,
    "lon": 106.6257,
    "timezone": "Asia/Ho_Chi_Minh",
    "isp": "FPT Telecom Company",
    "org": "Vietnam Internet Network Information Center",
    "as": "AS18403 FPT Telecom Company",
    "query": "42.119.78.68"
  }
}